,Number of people,State
0,4,TX
1,2,MA
2,3,CA
3,1,CA
4,4,MA
5,1,CO
6,3,CA
7,2,PA
8,2,WA
9,3,CA
10,1,NY
11,1,MD
12,1,WA
13,4,MD
14,3,MD
15,2,MO
16,0,MA
17,1,MD
18,1,CA
19,0,MI
20,0,MD
21,0,CA
22,0,CT
23,2,CA
24,1,NJ
25,1,CA
26,4,CA
27,4,AZ
28,1,MA
29,0,MO
30,0,NY
31,1,OH
32,0,WI
33,3,TX
34,3,OH
35,1,CA
36,2,CT
37,2,CA
38,2,OH
39,3,MI
40,3,OH
41,4,MA
42,4,NM
43,0,MD
44,4,FL
45,2,FL
46,2,CA
47,4,MA
48,2,NY
49,2,PA
50,3,CA
51,5,MD
52,0,CA
53,0,PA
54,2,OR
55,2,OR
56,2,GA
57,1,MA
58,1,TX
59,2,VA
60,2,TX
61,3,WI
62,2,DE
63,2,FL
64,2,MI
65,2,IN
66,0,MO
67,6,MD
68,1,CA
69,2,CA
70,1,CT
71,0,CA
72,0,CA
73,0,CA
74,2,MA
75,2,RI
76,3,CA
77,0,OR
78,1,CA
79,1,TX
80,4,MI
81,3,CA
82,3,CA
83,3,AZ
84,1,CA
85,0,CO
86,1,OH
87,2,CA
88,2,IL
89,2,SC
90,2,AZ
91,0,IN
92,2,AZ
93,4,OH
94,3,OH
95,2,MA
96,2,OH
97,1,WI
98,2,CA
99,2,AZ
100,3,CA
101,3,TX
102,1,CA
103,2,PA
104,3,CA
105,3,CA
106,2,NY
107,1,NH
108,2,CA
109,2,RI
110,2,MD
111,2,IA
112,1,CA
113,2,VA
114,2,CO
115,4,TX
116,0,PA
117,1,CA
118,2,NE
119,2,IL
120,3,IL
121,3,PA
122,0,NH
123,3,TX
124,2,CT
125,2,MD
126,1,NY
127,3,CA
128,1,MD
129,3,NY
130,2,IL
131,0,CA
132,0,TX
133,4,NY
134,2,UT
135,2,NY
136,2,CT
137,4,SC
138,4,AZ
139,3,TX
140,3,UT
141,3,CA
142,1,NY
143,2,AL
144,2,MA
145,2,CA
146,2,VA
147,0,VA
148,0,MD
149,2,VA
150,2,NY
151,2,NY
152,2,CA
153,1,CA
154,2,CA
155,1,MA
156,2,NC
157,1,AL
158,1,CO
159,3,MD
160,3,NC
161,6,VA
162,6,NY
163,2,CA
164,2,FL
165,2,NY
166,6,MD
167,6,NY
168,6,KS
169,1,KS
170,1,KS
171,2,ME
172,2,MD
173,2,CA
174,2,MA
175,2,CT
176,1,TX
177,2,NY
178,2,FL
179,1,IN
180,2,FL
181,2,MA
182,2,MT
183,2,OH
184,2,FL
185,0,IN
186,2,MN
187,2,DC
188,0,MT
189,0,MA
190,2,MA
191,4,CA
192,4,IL
193,5,AR
194,5,OH
195,2,PA
196,5,MA
197,5,GA
198,5,TX
199,1,CA
200,3,NY
201,3,CA
202,2,NJ
203,2,CA
204,1,NY
205,0,TN
206,1,WA
207,2,IL
208,5,CA
209,3,CA
210,0,CA
211,3,CA
212,2,AZ
213,0,MA
214,0,PA
215,3,WI
216,1,MA
217,1,PA
218,0,NY
219,0,CA
220,0,NJ
221,0,MD
222,4,FL
223,1,CA
224,2,CA
225,2,OH
226,4,MO
227,0,OH
228,6,CA
229,6,DC
230,2,CA
231,3,CA
232,2,NY
233,2,FL
234,2,MT
235,0,CA
236,2,IL
237,2,PA
238,0,IN
239,1,MS
240,3,PA
241,4,IL
242,4,IL
243,2,NC
244,2,MA
245,0,CA
246,0,NC
247,2,MD
248,2,NC
249,2,PA
250,0,OR
251,1,OR
252,2,OR
253,4,OR
254,4,MS
255,2,CA
256,2,OR
257,2,CA
258,2,NC
259,2,IL
260,2,TN
261,1,UT
262,1,CA
263,0,NY
264,0,DC
265,2,TX
266,1,TX
267,1,IL
268,1,OH
269,2,OH
270,2,OH
271,1,NY
272,0,NM
273,2,CT
274,1,NY
275,0,MN
276,2,MA
277,3,NY
278,3,CA
279,1,NY
280,1,MD
281,2,MD
282,2,FL
283,2,CA
284,2,MA
285,2,WA
286,2,FL
287,1,MD
288,0,CA
289,1,MD
290,2,CA
291,4,CA
292,4,KY
293,1,PA
294,2,PA
295,1,PA
296,2,OH
297,2,CA
298,2,MA
299,0,DE
300,2,MI
301,0,NY
302,3,NJ
303,8,CA
304,2,NJ
305,4,NJ
306,3,CA
307,0,CA
308,2,TN
309,2,CA
310,2,MA
311,2,MA
312,0,CA
313,0,UT
314,1,CA
315,3,CA
316,2,CA
317,2,CA
318,1,AZ
319,3,DE
320,0,DE
321,0,CA
322,2,CA
323,2,MA
324,1,CA
325,1,MA
326,4,CT
327,1,CA
328,0,DC
329,0,NY
330,2,TX
331,0,MO
332,1,TX
333,1,MD
334,3,MA
335,0,RI
336,2,WA
337,0,CA
338,1,NJ
339,1,CO
340,0,FL
341,0,NJ
342,0,OH
343,1,CA
344,2,CA
345,0,MA
346,0,CA
347,5,PA
348,2,CA
349,2,PA
350,1,CT
351,2,NY
352,2,WA
353,2,MD
354,2,CT
355,1,MD
356,0,MA
357,2,MD
358,3,NY
359,1,CO
360,2,NY
361,0,NY
362,2,MA
363,3,CA
364,1,NC
365,1,GA
366,3,MD
367,0,CA
368,0,DE
369,4,CA
370,3,NY
371,3,GA
372,0,CA
373,1,MA
374,1,NE
375,2,MA
376,2,OH
377,5,OR
378,5,GA
379,1,NC
380,3,PA
381,0,IL
382,4,CA
383,2,CA
384,4,TX
385,2,VA
386,2,DC
387,2,RI
388,1,CA
389,1,CT
390,3,MD
391,1,MD
392,1,MA
393,2,MO
394,5,MA
395,0,TX
396,3,PA
397,1,VA
398,1,CO
399,1,AR
400,1,TX
401,2,WI
402,0,AZ
403,3,CO
404,3,TX
405,1,NY
406,2,MD
407,1,NY
408,2,DE
409,1,NY
410,2,GA
411,2,CA
412,2,TX
413,0,NC
414,2,NE
415,0,DC
416,0,NY
417,0,TN
418,0,LA
419,0,CT
420,1,PA
421,1,CA
422,0,VA
423,2,UT
424,5,OR
425,0,MD
426,0,GA
427,2,MD
428,2,TN
429,2,MA
430,2,TN
431,2,PA
432,2,IN
433,0,PA
434,5,WA
435,0,MD
436,4,AL
437,3,MD
438,2,MD
439,2,WV
440,1,TX
441,4,PA
442,0,CA
443,2,TX
444,2,OH
445,0,CA
446,3,CA
447,3,MI
448,3,TX
449,3,MA
450,2,MD
451,7,TN
452,7,MA
453,2,OH
454,6,OH
455,1,CA
456,10,FL
457,10,TX
458,10,GA
459,2,CA
460,2,MD
461,9,FL
462,4,CA
463,2,NY
464,6,NY
465,4,KY
466,5,CA
467,4,KY
468,3,VA
469,5,NY
470,2,IL
471,2,AL
472,2,PA
473,5,MI
474,6,IL
475,8,CA
476,8,PA
477,3,OH
478,3,MA
479,0,MO
480,1,NY
481,0,MA
482,0,MA
483,0,NY
484,0,MA
485,3,CA
486,2,NY
487,5,LA
488,2,MA
489,2,FL
490,4,CA
491,3,NY
492,3,NJ
493,2,NY
494,3,CA
495,4,CA
496,0,NC
497,2,TX
498,2,CA
499,2,CA
500,1,MA
501,0,CA
502,0,NC
503,1,NY
504,1,FL
505,0,CA
506,0,IL
507,3,TN
508,2,OH
509,2,CA
510,1,MD
511,2,NJ
512,3,IL
513,1,FL
514,6,NC
515,2,MI
516,3,MI
517,8,PA
518,3,NC
519,4,MI
520,3,MD
521,6,VT
522,2,MO
523,2,IL
524,1,CA
525,2,GA
526,3,MI
527,2,MO
528,2,TX
529,6,NY
530,6,WI
531,1,CO
532,5,NC
533,3,PA
534,2,MI
535,1,VT
536,6,CA
537,2,RI
538,1,WA
539,2,NY
540,2,IL
541,2,CT
542,0,CA
543,2,VA
544,2,CA
545,2,WA
546,0,VA
547,1,CA
548,4,NY
549,4,CA
550,4,MA
551,2,MA
552,0,MA
553,0,CT
554,3,MD
555,0,NY
556,0,CT
557,0,NY
558,2,NY
559,2,MD
560,2,CA
561,2,MD
562,1,FL
563,5,WI
564,6,OH
565,1,NY
566,2,CA
567,1,CA
568,7,CA
569,7,TN
570,3,CA
571,3,IL
572,2,CA
573,2,CA
574,4,CA
575,3,CA
576,3,MA
577,1,TX
578,0,TX
579,2,MA
580,4,CA
581,3,MA
582,0,MD
583,3,CA
584,1,MA
585,2,MA
586,2,OR
587,5,NY
588,7,CA
589,2,CA
590,1,MA
591,4,NY
592,1,MD
593,2,CA
594,2,MA
595,3,OH
596,1,NC
597,3,NC
598,3,GA
599,3,TX
600,1,TX
601,1,TX
602,0,ME
603,0,CT
604,1,GA
605,1,OH
606,2,MD
607,2,CA
608,2,NJ
609,2,MA
610,3,PA
611,4,CA
612,3,NC
613,1,TX
614,2,CA
615,2,CA
616,3,CA
617,2,NY
618,3,NY
619,3,TX
620,3,NY
621,11,NY
622,11,FL
623,2,CA
624,5,GA
625,2,PA
626,20,GA
627,7,LA
628,3,WI
629,3,CA
630,3,FL
631,7,TX
632,5,IA
633,2,NY
634,6,NY
635,7,WA
636,7,MD
637,9,NY
638,9,TX
639,7,TX
640,3,NJ
641,3,TX
642,2,CA
643,2,TX
644,8,TX
645,0,TX
646,7,MA
647,11,CA
648,11,TX
649,8,SC
650,8,NJ
651,14,NJ
652,14,MA
653,5,NJ
654,3,NJ
655,2,SC
656,2,NJ
657,5,NJ
658,2,MI
659,1,MD
660,0,NY
661,0,DE
662,0,DC
663,1,MO
664,0,MA
665,5,FL
666,4,MA
667,2,MA
668,1,MA
669,0,CA
670,1,FL
671,2,AL
672,0,CA
673,3,PA
674,3,PA
675,0,IL
676,2,IN
677,4,IL
678,3,KY
679,3,MO
680,2,CA
681,1,NY
682,3,KY
683,3,TX
684,1,KY
685,0,CA
686,0,MI
687,2,PA
688,4,KY
689,3,FL
690,3,TX
691,2,MA
692,1,TX
693,0,MA
694,0,MA
695,1,MA
696,4,TX
697,1,TX
698,0,PR
699,0,MA
700,4,TX
701,2,TX
702,4,TX
703,3,NY
704,3,CA
705,3,WA
706,1,NY
707,0,MA
708,2,MD
709,3,CA
710,0,IA
711,3,TX
712,2,PR
713,0,MA
714,0,RI
715,2,MI
716,0,TX
717,4,FL
718,1,NH
719,1,MD
720,2,OH
721,2,OH
722,0,MA
723,2,OH
724,2,ME
725,2,MD
726,2,PA
727,2,PA
728,3,SC
729,0,PA
730,3,NE
731,3,VA
732,7,NY
733,2,MA
734,2,NC
735,5,PA
736,0,MA
737,1,MA
738,1,MA
739,2,MD
740,2,NY
741,2,TX
742,0,CA
743,4,RI
744,4,NY
745,4,KY
746,4,CA
747,1,KY
748,2,MA
749,2,IN
750,4,MN
751,3,MN
752,7,FL
753,3,OR
754,2,NE
755,0,MD
756,2,WI
757,2,LA
758,3,TX
759,0,SC
760,2,KS
761,7,CA
762,2,MI
763,2,AZ
764,0,CA
765,1,NY
766,1,CA
767,0,NY
768,0,GA
769,3,MO
770,2,MN
771,2,NY
772,3,MA
773,0,PA
774,2,CA
775,2,CT
776,3,MD
777,6,MA
778,6,RI
779,2,MA
780,2,CA
781,2,IL
782,2,MA
783,1,MD
784,3,CA
785,1,NJ
786,1,PA
787,3,NJ
788,3,PA
789,3,NY
790,3,IL
791,3,PA
792,2,IL
793,3,NJ
794,0,NY
795,0,MD
796,2,OH
797,0,NY
798,2,NY
799,3,DE
800,8,CA
801,12,PA
802,12,TX
803,12,IN
804,6,MA
805,6,WA
806,6,OH
807,6,CA
808,6,PA
809,2,NM
810,4,IN
811,8,TX
812,4,TX
813,3,NY
814,6,CA
815,1,CA
816,6,IL
817,1,OH
818,0,CA
819,0,CT
820,2,CA
821,2,PA
822,7,AZ
823,1,TX
824,1,NY
825,2,RI
826,3,MI
827,3,MN
828,4,MN
829,0,CT
830,2,IN
831,5,TX
832,2,TX
833,5,TX
834,4,PA
835,4,TX
836,7,TX
837,4,NY
838,2,NY
839,1,TX
840,0,TX
841,7,TX
842,6,CA
843,7,NY
844,7,CA
845,0,DC
846,0,LA
847,4,MA
848,4,SC
849,4,UT
850,0,NY
851,1,VA
852,2,CA
853,0,MA
854,3,LA
855,3,NE
856,3,NM
857,0,CA
858,1,TX
859,3,NY
860,6,DE
861,6,IL
862,0,MN
863,0,WI
864,3,WI
865,0,CA
866,3,NY
867,3,IL
868,2,FL
869,3,VA
870,4,NY
871,4,CA
872,1,MO
873,3,MA
874,3,GA
875,0,NJ
876,1,MD
877,4,NY
878,2,KY
879,1,LA
880,2,MI
881,2,MD
882,10,UT
883,10,PA
884,9,WV
885,1,TX
886,9,TX
887,6,RI
888,7,RI
889,10,CA
890,0,IA
891,0,GA
892,2,OH
893,2,MA
894,2,TX
895,2,GA
896,2,CT
897,0,MA
898,0,OH
899,0,MD
900,0,MA
901,1,TN
902,0,MA
903,0,CA
904,0,IL
905,0,CT
906,0,TX
907,0,PA
908,0,FL
909,0,MO
910,0,TX
911,1,OH
912,1,CA
913,1,IL
914,0,NC
915,0,TX
916,1,CA
917,1,NY
918,1,PA
919,1,IL
920,1,IN
921,2,WI
922,0,CA
923,1,CA
924,3,CA
925,1,TX
926,2,IN
927,2,CA
928,2,MN
929,1,CO
930,4,GA
931,9,NY
932,9,DE
933,1,FL
934,5,NY
935,5,NC
936,3,GA
937,5,RI
938,9,RI
939,7,TX
940,6,UT
941,6,IL
942,4,CA
943,0,ND
944,0,NJ
945,0,MA
946,7,NY
947,5,MA
948,0,CA
949,0,DC
950,2,MO
951,2,IL
952,4,MA
953,2,MA
954,1,MO
955,2,OR
956,3,FL
957,2,CA
958,2,MD
959,3,AZ
960,2,WV
961,2,AZ
962,2,WV
963,3,VA
964,3,PA
965,3,OH
966,2,CA
967,1,CA
968,3,CA
969,3,IN
970,2,CA
971,2,GA
972,3,CA
973,0,CA
974,2,CO
975,2,MD
976,0,OR
977,3,CT
978,3,CA
979,2,NY
980,2,NY
981,3,NY
982,1,CA
983,1,CT
984,2,FL
985,2,NY
986,2,IL
987,2,TX
988,2,CT
989,4,CA
990,1,IL
991,1,CA
992,1,IA
993,1,NY
994,1,CA
995,2,OR
996,3,PA
997,5,OR
998,2,PA
999,4,NY
1000,3,MN
1001,3,WA
1002,1,CA
1003,1,DC
1004,3,MD
1005,3,OR
1006,6,IN
1007,4,NY
1008,3,PA
1009,0,PA
1010,0,OR
1011,2,CA
1012,0,OR
1013,3,CA
1014,3,FL
1015,3,PA
1016,1,MO
1017,4,AL
1018,0,MI
1019,3,IL
1020,7,WA
1021,5,CA
1022,5,NJ
1023,3,NY
1024,4,CA
1025,2,FL
1026,6,OR
1027,3,WA
1028,1,WA
1029,0,CA
1030,0,MN
1031,2,MA
1032,2,CA
1033,2,TX
1034,3,CA
1035,4,MA
1036,4,OH
1037,2,FL
1038,1,IL
1039,3,CA
1040,3,OH
1041,0,MO
1042,0,LA
1043,4,MD
1044,4,KY
1045,4,MA
1046,2,MD
1047,4,MA
1048,4,CA
1049,4,MI
1050,4,NY
1051,4,PA
1052,0,IL
1053,5,CA
1054,5,PA
1055,0,PA
1056,0,MI
1057,3,MN
1058,3,MN
1059,2,MN
1060,4,MN
1061,0,MN
1062,3,NJ
1063,3,AZ
1064,0,CA
1065,0,PA
1066,0,MA
1067,1,NY
1068,2,RI
1069,2,CA
1070,8,CA
1071,8,MD
1072,8,PA
1073,8,IL
1074,2,NE
1075,6,CA
1076,7,CA
1077,6,NE
1078,5,NE
1079,0,PA
1080,0,CT
1081,2,IA
1082,2,CA
1083,2,MA
1084,2,GA
1085,0,NJ
1086,0,GA
1087,0,GA
1088,2,WI
1089,2,WI
1090,5,TX
1091,0,MA
1092,1,CA
1093,1,OH
1094,2,CA
1095,4,MD
1096,4,NY
1097,3,IN
1098,1,NY
1099,4,NY
1100,1,WV
1101,1,GA
1102,3,CA
1103,0,IA
1104,0,MO
1105,0,CA
1106,4,IA
1107,4,MO
1108,3,NY
1109,3,GA
1110,0,PA
1111,0,PA
1112,2,MN
1113,5,NJ
1114,5,MA
1115,2,MD
1116,2,CA
1117,2,MI
1118,8,MI
1119,2,SC
1120,2,CA
1121,2,MN
1122,3,MA
1123,2,NV
1124,2,IN
1125,1,CA
1126,2,CA
1127,3,CA
1128,5,CA
1129,5,CA
1130,4,NJ
1131,6,NY
1132,6,DC
1133,6,GA
1134,5,MN
1135,7,MA
1136,1,PA
1137,4,PA
1138,3,IN
1139,3,NY
1140,3,CA
1141,3,MD
1142,5,WY
1143,0,AZ
1144,3,PA
1145,0,NY
1146,3,MI
1147,0,MD
1148,0,CO
1149,0,UT
1150,1,PA
1151,1,AZ
1152,0,PA
1153,2,CA
1154,3,GA
1155,0,MA
1156,0,RI
1157,0,MA
1158,0,RI
1159,0,OH
1160,0,MA
1161,0,RI
1162,6,PA
1163,3,PA
1164,4,PA
1165,5,UT
1166,2,UT
1167,3,MD
1168,2,MD
1169,2,CA
1170,6,WI
1171,1,CA
1172,1,NC
1173,1,CA
1174,2,CA
1175,2,NJ
1176,1,NY
1177,1,MA
1178,4,CA
1179,4,PA
1180,2,IL
1181,13,MA
1182,13,IL
1183,2,MA
1184,3,CA
1185,5,MA
1186,5,RI
1187,8,MI
1188,3,OH
1189,1,OH
1190,1,FL
1191,2,WI
1192,2,CA
1193,2,MA
1194,2,RI
1195,2,OH
1196,2,OR
1197,3,IL
1198,3,MT
1199,2,MA
1200,2,RI
1201,5,MA
1202,5,RI
1203,4,MA
1204,4,RI
1205,3,MA
1206,3,RI
1207,3,OH
1208,1,CA
1209,2,UT
1210,0,CA
1211,0,TX
1212,0,CA
1213,4,MD
1214,5,CA
1215,2,WY
1216,0,CA
1217,0,MA
1218,4,CA
1219,2,CA
1220,1,IN
1221,2,IN
1222,2,GA
1223,5,MA
1224,5,WA
1225,3,MA
1226,2,MD
1227,2,CA
1228,2,MD
1229,3,TX
1230,2,PR
1231,2,TN
1232,0,MD
1233,2,SC
1234,1,VT
1235,1,MA
1236,2,CO
1237,0,NJ
1238,0,IL
1239,2,CA
1240,3,MD
1241,2,WA
1242,1,CA
1243,0,NY
1244,3,MN
1245,3,MD
1246,0,OR
1247,3,AZ
1248,3,IL
1249,2,CA
1250,2,MI
1251,2,IL
1252,5,MN
1253,2,IL
1254,1,UT
1255,1,CA
1256,0,NY
1257,0,MA
1258,2,CA
1259,4,CA
1260,2,IN
1261,1,CA
1262,1,NC
1263,3,CA
1264,1,KS
1265,1,MO
1266,0,MD
1267,1,GA
1268,2,DE
1269,4,NY
1270,4,PA
1271,7,CA
1272,0,CA
1273,1,GA
1274,1,OH
1275,3,CA
1276,3,IL
1277,2,MN
1278,4,FL
1279,3,FL
1280,2,FL
1281,2,FL
1282,2,AZ
1283,2,AZ
1284,0,NY
1285,3,NY
1286,3,PR
1287,3,MD
1288,2,OR
1289,7,MA
1290,7,IL
1291,3,CA
1292,2,NY
1293,2,NJ
1294,1,OK
1295,2,AR
1296,2,MD
1297,2,CA
1298,1,MD
1299,1,NJ
1300,1,MO
1301,0,SC
1302,3,NJ
1303,4,CT
1304,0,CT
1305,1,NY
1306,3,MI
1307,0,TN
1308,0,CA
1309,0,IL
1310,2,CA
1311,5,MO
1312,2,TX
1313,0,CA
1314,0,TX
1315,2,TX
1316,4,NY
1317,4,OH
1318,4,DC
1319,4,MD
1320,2,NY
1321,3,CA
1322,3,WI
1323,4,NY
1324,1,NY
1325,4,CA
1326,4,MA
1327,4,MD
1328,0,CT
1329,1,MA
1330,3,CA
1331,3,IA
1332,0,HI
1333,0,MI
1334,2,RI
1335,3,CA
1336,1,UT
1337,2,OR
1338,3,NC
1339,3,MI
1340,3,MD
1341,3,OH
1342,3,NY
1343,3,MI
1344,0,MD
1345,4,TX
1346,0,UT
1347,0,MA
1348,2,IL
1349,0,OR
1350,5,MA
1351,2,CA
1352,0,WA
1353,1,MD
1354,4,MA
1355,4,TX
1356,4,CT
1357,2,CA
1358,0,WA
1359,2,DC
1360,4,MD
1361,4,NE
1362,0,KS
1363,0,MO
1364,2,PA
1365,2,CT
1366,1,NY
1367,1,PA
1368,0,IL
1369,3,CA
1370,1,MA
1371,1,CT
1372,2,MA
1373,2,FL
1374,2,PA
1375,2,TX
1376,2,IL
1377,0,OH
1378,0,CA
1379,2,UT
1380,2,MA
1381,0,FL
1382,1,CT
1383,3,MA
1384,2,OH
1385,1,WI
1386,0,CA
1387,0,NJ
1388,3,MD
1389,4,TX
1390,0,MD
1391,2,MD
1392,2,CO
1393,2,NY
1394,2,PA
1395,2,TX
1396,2,NY
1397,5,VA
1398,5,NY
1399,2,CA
1400,2,MA
1401,1,MD
1402,2,MA
1403,2,MD
1404,2,DC
1405,2,PA
1406,4,MA
1407,2,CA
1408,2,TX
1409,5,NY
1410,3,WI
1411,2,VA
1412,0,AZ
1413,2,GA
1414,3,IN
1415,4,CA
1416,3,MD
1417,3,TN
1418,3,MA
1419,2,OH
1420,3,IL
1421,2,MI
1422,2,MD
1423,0,TX
1424,9,NY
1425,3,NY
1426,8,NY
1427,0,NY
1428,6,NY
1429,5,NY
1430,12,NY
1431,11,NY
1432,6,NY
1433,9,NY
1434,3,NY
1435,3,MI
1436,2,NY
1437,5,NY
1438,4,NY
1439,7,NY
1440,6,NY
1441,5,NY
1442,4,MD
1443,4,DC
1444,2,MD
1445,2,WI
1446,0,WI
1447,1,CA
1448,2,NH
1449,2,CT
1450,2,VA
1451,4,MD
1452,4,FL
1453,3,MA
1454,2,FL
1455,7,NY
1456,3,CA
1457,4,CA
1458,2,VA
1459,2,CA
1460,2,MA
1461,2,NY
1462,2,MA
1463,0,MA
1464,3,FL
1465,3,MD
1466,0,NY
1467,1,DC
1468,3,VA
1469,1,NY
1470,1,OH
1471,2,MA
1472,4,PA
1473,4,MA
1474,5,MN
1475,2,CA
1476,3,PA
1477,2,NY
1478,0,CT
1479,2,NY
1480,2,NJ
1481,2,MI
1482,2,MA
1483,2,MA
1484,0,IL
1485,0,CT
1486,2,DC
1487,2,CT
1488,0,CA
1489,1,AR
1490,1,GA
1491,4,NY
1492,2,TX
1493,2,CA
1494,2,NC
1495,8,NJ
1496,3,TX
1497,6,NJ
1498,6,MA
1499,6,NJ
1500,2,NY
1501,3,TX
1502,5,RI
1503,3,PA
1504,3,KS
1505,2,KS
1506,2,KS
1507,3,MN
1508,10,MN
1509,6,MN
1510,3,MN
1511,9,MN
1512,2,UT
1513,4,CA
1514,3,NY
1515,2,OK
1516,2,MD
1517,3,UT
1518,5,OR
1519,7,OR
1520,3,TX
1521,15,NJ
1522,0,TX
1523,6,NH
1524,6,TX
1525,2,UT
1526,4,MD
1527,8,WI
1528,1,AZ
1529,2,CA
1530,1,NJ
1531,1,MA
1532,1,UT
1533,2,OH
1534,2,NY
1535,1,NC
1536,2,CA
1537,2,WI
1538,2,CA
1539,3,CA
1540,8,CA
1541,8,CA
1542,4,CA
1543,4,NJ
1544,4,NH
1545,4,WI
1546,4,TX
1547,11,CA
1548,3,CA
1549,3,MA
1550,4,NH
1551,4,CA
1552,4,TX
1553,4,TX
1554,4,WI
1555,7,NY
1556,8,NY
1557,2,VA
1558,0,VA
1559,3,VA
1560,3,CA
1561,2,VA
1562,2,VA
1563,3,CA
1564,0,IA
1565,0,OH
1566,3,CA
1567,9,CA
1568,9,WI
1569,5,OH
1570,5,LA
1571,6,VA
1572,2,NY
1573,2,NY
1574,2,TX
1575,0,VA
1576,3,NY
1577,3,NJ
1578,0,CA
1579,3,NM
1580,2,NM
1581,3,MA
1582,9,CA
1583,6,CA
1584,5,CA
1585,6,CA
1586,2,CA
1587,3,CA
1588,3,AZ
1589,0,CA
1590,0,AZ
1591,1,CA
1592,1,AZ
1593,1,CA
1594,1,AZ
1595,1,CA
1596,1,AZ
1597,1,KY
1598,2,MA
1599,2,NY
1600,1,NY
1601,1,CO
1602,3,NY
1603,2,NY
1604,5,FL
1605,3,NY
1606,2,VA
1607,1,NY
1608,1,MA
1609,3,NJ
1610,2,PA
1611,1,NY
1612,4,MD
1613,4,WA
1614,3,VA
1615,3,MA
1616,3,NY
1617,4,NC
1618,3,NY
1619,1,TN
1620,3,CT
1621,2,NE
1622,2,NY
1623,2,CA
1624,5,NY
1625,2,NC
1626,3,TX
1627,1,NC
1628,1,NC
1629,5,CA
1630,3,TX
1631,8,FL
1632,8,CA
1633,2,TX
1634,7,OR
1635,2,TX
1636,10,MN
1637,2,TX
1638,5,TX
1639,3,NY
1640,1,CA
1641,2,DC
1642,3,LA
1643,3,NJ
1644,0,MA
1645,0,PA
1646,1,TX
1647,0,MI
1648,1,MI
1649,1,LA
1650,1,SD
1651,3,NY
1652,3,CA
1653,3,AZ
1654,0,NY
1655,0,AZ
1656,0,TX
1657,2,AZ
1658,2,AZ
1659,3,AZ
1660,2,NY
1661,2,AZ
1662,2,PA
1663,13,CA
1664,3,PA
1665,5,PA
1666,2,OR
1667,0,OR
1668,2,OR
1669,3,IA
1670,3,SD
1671,3,CA
1672,2,OR
1673,3,NY
1674,3,OR
1675,2,TX
1676,0,TX
1677,0,PA
1678,0,WI
1679,5,WV
1680,3,OR
1681,0,WI
1682,1,MA
1683,1,VT
1684,2,OR
1685,1,OH
1686,2,NC
1687,5,MN
1688,3,NJ
1689,4,NY
1690,2,PA
1691,2,NY
1692,8,CA
1693,2,FL
1694,2,GA
1695,0,MD
1696,2,OR
1697,3,NY
1698,4,MD
1699,4,MN
1700,4,VA
1701,2,OH
1702,3,CA
1703,4,PA
1704,5,GA
1705,1,GA
1706,2,NY
1707,2,OH
1708,0,PA
1709,2,CA
1710,3,CA
1711,1,CA
1712,4,CA
1713,5,NC
1714,3,GA
1715,3,IL
1716,7,WA
1717,2,CA
1718,3,PA
1719,3,MN
1720,2,NY
1721,3,FL
1722,2,CA
1723,1,PA
1724,3,NY
1725,2,CA
1726,2,CA
1727,1,TN
1728,1,VA
1729,5,CA
1730,2,CA
1731,2,FL
1732,2,TX
1733,2,CA
1734,2,AL
1735,2,WA
1736,1,PA
1737,1,FL
1738,1,TX
1739,1,MA
1740,1,MA
1741,3,MA
1742,3,MA
1743,1,NY
1744,0,NY
1745,2,MA
1746,1,PA
1747,2,RI
1748,2,MA
1749,2,MD
1750,1,MD
1751,4,WA
1752,4,CA
1753,0,NH
1754,0,MA
1755,0,TX
1756,2,NY
1757,2,TX
1758,2,PA
1759,4,NY
1760,0,WA
1761,1,WA
1762,0,CA
1763,0,NJ
1764,0,MD
1765,1,GA
1766,2,IL
1767,0,TX
1768,2,TX
1769,2,WA
1770,11,MA
1771,2,NV
1772,2,NH
1773,0,NH
1774,0,CA
1775,2,CA
1776,0,MS
1777,4,NJ
1778,4,CA
1779,4,MA
1780,2,VA
1781,7,MD
1782,0,TX
1783,1,PA
1784,2,NC
1785,0,NM
1786,2,TX
1787,0,TX
1788,0,PA
1789,4,VA
1790,1,PA
1791,3,NY
1792,2,TX
1793,3,FL
1794,2,FL
1795,0,AR
1796,2,TX
1797,1,TN
1798,1,NY
1799,1,DE
1800,2,CA
1801,9,CA
1802,3,IL
1803,6,UT
1804,6,MA
1805,0,AL
1806,2,CA
1807,2,WI
1808,0,NJ
1809,4,NY
1810,4,PA
1811,4,IL
1812,2,CA
1813,5,CA
1814,2,IL
1815,0,NY
1816,1,TN
1817,1,PA
1818,2,IL
1819,1,OH
1820,2,NY
1821,3,FL
1822,1,IL
1823,2,TX
1824,3,PA
1825,1,TX
1826,1,PA
1827,1,IN
1828,1,OH
1829,3,MA
1830,3,OR
1831,3,MO
1832,1,MN
1833,2,OH
1834,2,OR
1835,3,SD
1836,3,MI
1837,3,CO
1838,2,OR
1839,2,NE
1840,1,PA
1841,0,MA
1842,4,MO
1843,3,VT
1844,2,TN
1845,2,GA
1846,2,MD
1847,2,CO
1848,1,FL
1849,1,CO
1850,0,OH
1851,2,PA
1852,3,TX
1853,2,TX
1854,2,GA
1855,0,SC
1856,7,CA
1857,4,CA
1858,2,MA
1859,2,CA
1860,1,OH
1861,2,CA
1862,2,MI
1863,1,TN
1864,1,OH
1865,2,CA
1866,0,MA
1867,3,NY
1868,0,MA
1869,3,MI
1870,0,OK
1871,3,WA
1872,6,OR
1873,2,CA
1874,2,MA
1875,4,CA
1876,4,CA
1877,5,CA
1878,2,TX
1879,2,WA
1880,2,WA
1881,1,WA
1882,3,WA
1883,2,WA
1884,3,WA
1885,3,WA
1886,3,WA
1887,1,AL
1888,3,PA
1889,3,AL
1890,2,MD
1891,2,CA
1892,5,CA
1893,5,PA
1894,4,PA
1895,2,NY
1896,2,CA
1897,2,FL
1898,5,MA
1899,1,PA
1900,2,MD
1901,4,MD
1902,2,MA
1903,4,NY
1904,2,NY
1905,2,NY
1906,2,MD
